ID,FirstName,LastName,Age,Email,Phone,Department
1,John,Doe,25,johndoe@email.com,555-1234,Engineering
2,Jane,Smith,30,janesmith@email.com,555-5678,Marketing
3,Bob,Johnson,22,bobjohnson@email.com,555-9876,Design
4,Alice,Williams,28,alicewilliams@email.com,555-4321,Finance
5,David,Brown,35,davidbrown@email.com,555-8765,Engineering
6,Emily,Jones,27,emilyjones@email.com,555-2345,Marketing
7,Michael,Davis,32,michaeldavis@email.com,555-6543,Design
8,Sophia,Miller,24,sophiamiller@email.com,555-8765,Finance
9,Daniel,Wilson,29,danielwilson@email.com,555-3456,Engineering
10,Olivia,Moore,31,oliviamoore@email.com,555-9876,Marketing
11,Ethan,Anderson,26,ethananderson@email.com,555-1234,Design
12,Ava,Thomas,33,avathomas@email.com,555-4321,Finance
13,Liam,Harris,23,liamharris@email.com,555-5678,Engineering
14,Emma,Martin,34,emmamartin@email.com,555-8765,Marketing
15,Mason,White,30,masonwhite@email.com,555-2345,Design
16,Isabella,Lee,28,isabellalee@email.com,555-9876,Finance
17,Logan,Clark,29,loganclark@email.com,555-6543,Engineering
18,Grace,Scott,31,gracescott@email.com,555-8765,Marketing
19,Christopher,Walker,35,christopherwalker@email.com,555-1234,Design
20,Olivia,Hill,27,oliviahill@email.com,555-4321,Finance
21,Noah,Ward,32,noahward@email.com,555-5678,Engineering
22,Ava,Kelly,24,avakelly@email.com,555-9876,Marketing
23,Liam,Wright,29,liamwright@email.com,555-2345,Design
24,Sophia,Hughes,31,sophiahughes@email.com,555-8765,Finance
25,Ethan,Cole,26,ethancole@email.com,555-1234,Engineering
26,Emma,Young,33,emmawyoung@email.com,555-4321,Marketing
27,Mason,Morris,23,masonmorris@email.com,555-5678,Design
28,Isabella,Sullivan,34,isabellasullivan@email.com,555-9876,Finance
29,Logan,Cooper,30,logancooper@email.com,555-2345,Engineering
30,Grace,Bell,28,gracebell@email.com,555-8765,Marketing
31,Christopher,Cruz,29,christophercruz@email.com,555-1234,Design
32,Ava,Murphy,31,avamurphy@email.com,555-4321,Finance
33,Liam,Rogers,35,liamrogers@email.com,555-5678,Engineering
34,Emma,Stewart,27,emmastewart@email.com,555-9876,Marketing
35,Mason,Ward,32,masonward@email.com,555-2345,Design
36,Isabella,Mitchell,24,isabellamitchell@email.com,555-8765,Finance
37,Logan,Hernandez,29,loganhernandez@email.com,555-1234,Engineering
38,Sophia,Fisher,31,sophiafisher@email.com,555-4321,Marketing
39,Daniel,Martin,26,danielmartin@email.com,555-5678,Design
40,Olivia,Hughes,33,oliviahughes@email.com,555-9876,Finance
41,Michael,Murphy,23,michaelmurphy@email.com,555-2345,Engineering
42,Sophia,Lopez,34,sophialopez@email.com,555-8765,Marketing
43,Liam,Campbell,30,liamcampbell@email.com,555-1234,Design
44,Emma,Hayes,28,emmahayes@email.com,555-4321,Finance
45,Mason,Myers,29,masonmyers@email.com,555-5678,Engineering
46,Isabella,Perez,31,isabellaperez@email.com,555-9876,Marketing
47,Logan,Floyd,35,loganfloyd@email.com,555-6543,Design
48,Ava,Bryant,27,avabryant@email.com,555-8765,Finance
49,Ethan,Reed,32,ethanreed@email.com,555-2345,Engineering
50,Olivia,Fleming,24,oliviafleming@email.com,555-5678,Marketing
51,Noah,Garza,29,noahgarza@email.com,555-9876,Design
52,Ava,Matthews,31,avamatthews@email.com,555-1234,Finance
53,Liam,Santos,26,liamsantos@email.com,555-4321,Engineering
54,Emma,Harrison,33,emmaharrison@email.com,555-8765,Marketing
55,Mason,Dixon,23,masondixon@email.com,555-2345,Design
56,Isabella,Hansen,34,isabellahansen@email.com,555-5678,Finance
57,Logan,Peters,30,loganpeters@email.com,555-9876,Engineering
58,Sophia,Ford,28,sophiaford@email.com,555-1234,Marketing
59,Daniel,Moran,29,danielmoran@email.com,555-4321,Design
60,Olivia,Sharp,31,oliviasharp@email.com,555-8765,Finance
61,Ethan,Gregory,35,ethangregory@email.com,555-2345,Engineering
62,Ava,Walters,27,avawalters@email.com,555-5678,Marketing
63,Liam,Watkins,32,liamwatkins@email.com,555-9876,Design
64,Emma,Larson,24,emmalarsen@email.com,555-1234,Finance
65,Mason,Woods,29,masonwoods@email.com,555-4321,Engineering
66,Isabella,Carpenter,31,isabellacarpenter@email.com,555-8765,Marketing
67,Logan,Stevens,26,logansteven@email.com,555-2345,Design
68,Sophia,Weaver,33,sophiaweaver@email.com,555-5678,Finance
69,Daniel,Pierce,23,danielpierce@email.com,555-9876,Engineering
70,Olivia,Gibson,34,oliviagibson@email.com,555-1234,Marketing
71,Michael,Warren,30,michaelwarren@email.com,555-4321,Design
72,Sophia,Barnes,28,sophiabarnes@email.com,555-8765,Finance
73,Liam,Coleman,29,liamcoleman@email.com,555-2345,Engineering
74,Emma,Adams,31,emmaadams@email.com,555-5678,Marketing
75,Mason,Palmer,35,masonpalmer@email.com,555-9876,Design
76,Isabella,Mills,27,isabellamills@email.com,555-6543,Finance
77,Logan,Richardson,32,loganrichardson@email.com,555-8765,Engineering
78,Ava,Haynes,24,avahaynes@email.com,555-9876,Marketing
79,Ethan,Burton,29,ethanburton@email.com,555-2345,Design
80,Olivia,Reeves,31,oliviareeves@email.com,555-5678,Finance
81,Noah,Wheeler,26,noahwheeler@email.com,555-9876,Engineering
82,Ava,Gordon,33,avagordon@email.com,555-1234,Marketing
83,Liam,Fisher,23,liamfisher@email.com,555-4321,Design
84,Emma,Spencer,34,emmaspencer@email.com,555-8765,Finance
85,Mason,Sharp,30,masonsharp@email.com,555-2345,Engineering
86,Isabella,Watkins,28,isabellawatkins@email.com,555-5678,Marketing
87,Logan,Hudson,29,loganhudson@email.com,555-9876,Design
88,Sophia,Garner,31,sophiagarner@email.com,555-8765,Finance
89,Daniel,Baldwin,35,danielbaldwin@email.com,555-1234,Engineering
90,Olivia,Newton,27,olivianewton@email.com,555-4321,Marketing
91,Ethan,Hunt,32,ethanhunt@email.com,555-5678,Design
92,Ava,Wagner,24,avawagner@email.com,555-9876,Finance
93,Liam,Matthews,29,liammatthews@email.com,555-2345,Engineering
94,Emma,Hawkins,31,emmahawkins@email.com,555-8765,Marketing
95,Mason,Bates,26,masonbates@email.com,555-9876,Design
96,Isabella,Marshall,33,isabellamarshall@email.com,555-6543,Finance
97,Logan,Gilbert,23,logangilbert@email.com,555-8765,Engineering
98,Sophia,Sims,34,sophiasims@email.com,555-9876,Marketing
99,Daniel,Lynch,30,daniellynch@email.com,555-2345,Design
100,Olivia,McCarthy,28,oliviamccarthy@email.com,555-5678,Finance
